repository	revision	command	tool	seconds
bun	4bf3f364568b75d5eda689e5019ea4d959192dbd	check --locked (workspace root, 108 targets incl. proc-macro roots, final candidate)	cinder	0.013600,0.013600,0.012300,0.012600,0.012600,0.012300,0.012700,0.012700,0.012500,0.012200,0.015400,0.012400,0.012600,0.012700,0.012100
bun	4bf3f364568b75d5eda689e5019ea4d959192dbd	check --locked (workspace root, 108 targets incl. proc-macro roots, final candidate)	cargo	0.176500,0.168400,0.161300,0.162700,0.162100,0.161200,0.162400,0.160300,0.159000,0.157600,0.157700,0.162700,0.163200,0.160700,0.157000
bun	4bf3f364568b75d5eda689e5019ea4d959192dbd	check --locked (workspace root, INVALIDATED pre-hardening candidate: state omitted 10 built proc-macro units)	cinder	0.014000,0.012300,0.012300,0.012000,0.012500,0.012600,0.013100,0.012700,0.012200,0.012500,0.012100,0.012700,0.012400,0.012300,0.011700
bun	4bf3f364568b75d5eda689e5019ea4d959192dbd	check --locked (workspace root, INVALIDATED pre-hardening candidate: state omitted 10 built proc-macro units)	cargo	0.174600,0.159900,0.158700,0.165900,0.161700,0.162700,0.161500,0.159900,0.158700,0.163600,0.160100,0.159200,0.160900,0.156400,0.159300
bun	4bf3f364568b75d5eda689e5019ea4d959192dbd	check --locked (workspace root, pre-identity-record candidate, full source rehash per hit)	cinder	0.108700,0.109900,0.110900,0.111400,0.108700,0.106600,0.109600,0.111900,0.108200,0.106800,0.110300,0.108100,0.109000,0.107900,0.110800
bun	4bf3f364568b75d5eda689e5019ea4d959192dbd	check --locked (workspace root, pre-identity-record candidate, full source rehash per hit)	cargo	0.166000,0.159500,0.164800,0.161300,0.158700,0.157900,0.164500,0.157200,0.159900,0.161300,0.159300,0.158600,0.160200,0.163600,0.158800
Cap	70f535d084afce06138c4bfa7607c68600152348	check --locked -p cap-cursor-info --example cli (final candidate)	cinder	0.022300,0.016000,0.015400,0.014800,0.018600,0.016400,0.015700,0.016500,0.016100,0.016600,0.016800,0.015500,0.015700,0.017100,0.015300
Cap	70f535d084afce06138c4bfa7607c68600152348	check --locked -p cap-cursor-info --example cli (final candidate)	cargo	0.284500,0.273500,0.246300,0.242200,0.259800,0.244700,0.253000,0.260900,0.256000,0.238100,0.240000,0.246300,0.244400,0.244300,0.242400
Cap	70f535d084afce06138c4bfa7607c68600152348	check --locked -p scap-targets (2 targets, final candidate)	cinder	0.014900,0.015600,0.015400,0.014900,0.015200,0.015400,0.015100,0.016100,0.015000,0.015300,0.015100,0.016100,0.018700,0.015300,0.015300
Cap	70f535d084afce06138c4bfa7607c68600152348	check --locked -p scap-targets (2 targets, final candidate)	cargo	0.263500,0.244100,0.249000,0.255800,0.259400,0.257300,0.256700,0.262900,0.261800,0.263000,0.264800,0.257100,0.254000,0.255700,0.266500
Cap	70f535d084afce06138c4bfa7607c68600152348	test --lib -- --nocapture (cap-muxer-protocol, 7 tests, final candidate)	cinder	0.006800,0.005500,0.005200,0.005600,0.005500,0.005300,0.005000,0.005400,0.005100,0.004900,0.005000,0.004900,0.004800,0.005000,0.005600
Cap	70f535d084afce06138c4bfa7607c68600152348	test --lib -- --nocapture (cap-muxer-protocol, 7 tests, final candidate)	cargo	0.145200,0.131500,0.130800,0.129700,0.128300,0.127600,0.132400,0.130000,0.129800,0.128900,0.128400,0.127900,0.126100,0.130800,0.131000
Cap	70f535d084afce06138c4bfa7607c68600152348	check --locked -p cap-cursor-info --example cli (unique first-seen structural edits)	cinder	0.530600,0.359800,0.350900,0.345200,0.360000,0.349900,0.342900,0.364300
Cap	70f535d084afce06138c4bfa7607c68600152348	check --locked -p cap-cursor-info --example cli (unique first-seen structural edits)	cargo	0.345300,0.330800,0.359300,0.337700,0.341500,0.341200,0.346400,0.340700
